City_ID,City,Country,Date,Lat,Lng,Max Temp,Humidity,Cloudiness,Wind Speed
0,Mar Del Plata,AR,2022-07-05 04:43:22,-38.0023,-57.5575,40.08,100,0,3.44
1,Punta Arenas,CL,2022-07-05 04:46:41,-53.15,-70.9167,24.91,93,0,5.75
2,Labuhan,ID,2022-07-05 04:46:42,-6.8844,112.2051,85.93,69,75,6.44
3,Lodeynoye Pole,RU,2022-07-05 04:46:42,60.726,33.5531,71.06,59,81,4.27
4,Kaeo,NZ,2022-07-05 04:46:42,-35.1,173.7833,61.32,96,100,13.98
5,Ushuaia,AR,2022-07-05 04:43:40,-54.8,-68.3,31.66,80,0,11.5
6,Tuktoyaktuk,CA,2022-07-05 04:46:42,69.4541,-133.0374,54.05,72,45,7.67
7,Jamestown,US,2022-07-05 04:46:43,42.097,-79.2353,71.24,73,0,5.75
8,Tiksi,RU,2022-07-05 04:46:43,71.6872,128.8694,40.46,84,100,23.64
9,Puerto Ayora,EC,2022-07-05 04:42:07,-0.7393,-90.3518,71.55,89,63,7.0
10,Beringovskiy,RU,2022-07-05 04:46:43,63.05,179.3167,44.73,97,100,2.93
11,Busselton,AU,2022-07-05 04:46:44,-33.65,115.3333,59.97,60,92,11.74
12,Katete,UG,2022-07-05 04:46:44,-0.7818,29.7544,61.75,53,19,2.35
13,Kapaa,US,2022-07-05 04:46:44,22.0752,-159.319,82.38,76,75,19.57
14,Lavrentiya,RU,2022-07-05 04:46:42,65.5833,-171.0,48.83,81,97,8.25
15,Tottori,JP,2022-07-05 04:46:44,35.5,134.2333,86.07,70,40,13.8
16,Vila Velha,BR,2022-07-05 04:46:45,-20.3297,-40.2925,69.75,96,75,2.3
17,Hit,IQ,2022-07-05 04:46:45,33.6416,42.8251,93.69,15,0,21.16
18,Tocopilla,CL,2022-07-05 04:46:45,-22.092,-70.1979,61.63,69,100,3.85
19,Dauphin,CA,2022-07-05 04:46:45,51.1494,-100.0502,59.14,94,100,3.44
20,Vostok,RU,2022-07-05 04:46:46,46.4856,135.8833,78.19,65,97,2.86
21,Micheweni,TZ,2022-07-05 04:46:46,-4.9667,39.8333,76.23,72,13,10.76
22,Dingle,PH,2022-07-05 04:46:46,10.9995,122.6711,82.67,79,85,7.4
23,Esperance,AU,2022-07-05 04:46:46,-33.8667,121.9,66.22,33,0,19.82
24,Castro,BR,2022-07-05 04:46:47,-24.7911,-50.0119,54.54,74,100,3.15
25,Quatre Cocos,MU,2022-07-05 04:46:47,-20.2078,57.7625,72.09,73,95,16.96
26,Honningsvag,NO,2022-07-05 04:46:47,70.9821,25.9704,62.35,77,20,8.05
27,Tautira,PF,2022-07-05 04:46:47,-17.7333,-149.15,77.85,80,57,16.35
28,Cleveland,US,2022-07-05 04:46:48,41.4995,-81.6954,79.27,57,100,9.22
29,Rikitea,PF,2022-07-05 04:46:48,-23.1203,-134.9692,75.29,71,4,9.64
30,Mariinsk,RU,2022-07-05 04:46:48,56.2139,87.7472,73.87,53,26,11.03
31,Naze,JP,2022-07-05 04:46:48,28.3667,129.4833,83.32,79,29,12.57
32,Leeton,AU,2022-07-05 04:46:49,-34.5667,146.4,60.89,47,0,8.23
33,Hermanus,ZA,2022-07-05 04:46:49,-34.4187,19.2345,50.43,81,0,6.49
34,Koungheul,SN,2022-07-05 04:46:49,13.9833,-14.8,78.8,80,91,7.92
35,Rudnyy,KZ,2022-07-05 04:46:49,52.9594,63.1206,55.63,79,98,13.96
36,Sao Joao Da Barra,BR,2022-07-05 04:46:50,-21.6403,-41.0511,68.45,90,0,12.08
37,Zheleznodorozhnyy,RU,2022-07-05 04:46:50,55.7503,38.0042,75.61,52,1,5.46
38,Dikson,RU,2022-07-05 04:46:50,73.5069,80.5464,35.46,98,100,2.1
39,Atuona,PF,2022-07-05 04:46:51,-9.8,-139.0333,77.79,76,7,24.58
40,Mataura,NZ,2022-07-05 04:46:51,-46.1927,168.8643,52.48,68,45,10.51
41,Sabha,LY,2022-07-05 04:46:51,27.0377,14.4283,77.27,42,0,9.82
42,New Norfolk,AU,2022-07-05 04:46:51,-42.7826,147.0587,57.7,79,55,0.31
43,Vaini,TO,2022-07-05 04:46:52,-21.2,-175.2,73.56,83,75,12.66
44,Avarua,CK,2022-07-05 04:45:29,-21.2078,-159.775,73.45,83,75,2.3
45,Portland,US,2022-07-05 04:46:51,45.5234,-122.6762,71.58,62,17,4.07
46,Hobart,AU,2022-07-05 04:43:40,-42.8794,147.3294,58.05,69,20,8.05
47,Sulangan,PH,2022-07-05 04:47:52,11.1373,123.7228,83.82,70,30,5.7
48,Suluq,LY,2022-07-05 04:47:52,31.6682,20.2521,75.51,48,0,6.73
49,Takaka,NZ,2022-07-05 04:47:52,-40.85,172.8,51.57,91,100,2.13
50,Bluff,NZ,2022-07-05 04:47:53,-46.6,168.3333,52.81,80,81,35.3
51,Kavieng,PG,2022-07-05 04:47:53,-2.5744,150.7967,84.34,74,94,13.29
52,Olafsvik,IS,2022-07-05 04:47:53,64.8945,-23.7142,48.81,76,93,5.84
53,Fortuna,US,2022-07-05 04:47:53,40.5982,-124.1573,62.94,88,100,1.48
54,Saskylakh,RU,2022-07-05 04:47:54,71.9167,114.0833,57.27,41,74,4.23
55,Victoria,HK,2022-07-05 04:46:59,22.2855,114.1577,86.97,80,100,17.0
56,Wladyslawowo,PL,2022-07-05 04:46:10,54.7909,18.4009,63.93,76,4,12.53
57,Shaoyang,CN,2022-07-05 04:47:54,27.2315,111.4525,88.05,67,76,4.63
58,Urumqi,CN,2022-07-05 04:47:54,43.801,87.6005,83.35,21,0,11.18
59,Carnarvon,AU,2022-07-05 04:47:55,-24.8667,113.6333,70.97,25,26,6.13
60,Nanortalik,GL,2022-07-05 04:47:55,60.1432,-45.2371,44.06,90,83,4.68
61,Araguacu,BR,2022-07-05 04:47:55,-12.9306,-49.8264,66.69,40,0,4.65
62,Benghazi,LY,2022-07-05 04:47:55,32.1167,20.0667,77.9,60,0,6.87
63,Cabo San Lucas,MX,2022-07-05 04:47:56,22.8909,-109.9124,87.51,51,2,12.93
64,Ponta Do Sol,PT,2022-07-05 04:47:56,32.6667,-17.1,67.01,71,45,5.73
65,Norman Wells,CA,2022-07-05 04:47:56,65.282,-126.8329,77.04,29,75,8.05
66,Yulara,AU,2022-07-05 04:47:56,-25.2406,130.9889,60.22,21,0,10.65
67,Crixas,BR,2022-07-05 04:47:57,-14.5489,-49.9692,64.27,41,0,4.9
68,Fernley,US,2022-07-05 04:43:00,39.608,-119.2518,71.74,29,15,8.99
69,Nikolskoye,RU,2022-07-05 04:47:57,59.7035,30.7861,64.29,97,98,3.04
70,Punta Cardon,VE,2022-07-05 04:47:57,11.6581,-70.215,79.21,83,25,27.25
71,Ajaigarh,IN,2022-07-05 04:47:57,24.9,80.2667,96.08,45,0,12.3
72,Pevek,RU,2022-07-05 04:47:58,69.7008,170.3133,47.59,68,15,2.75
73,Port Elizabeth,ZA,2022-07-05 04:47:58,-33.918,25.5701,55.31,98,20,4.61
74,Yellowknife,CA,2022-07-05 04:46:39,62.456,-114.3525,64.92,42,20,4.61
75,Solnechnyy,RU,2022-07-05 04:47:58,50.7214,136.6319,85.08,45,20,8.3
76,Bethel,US,2022-07-05 04:47:58,41.3712,-73.414,70.63,76,0,0.0
77,Nizwa,OM,2022-07-05 04:47:59,22.9333,57.5333,91.65,48,100,3.13
78,Acajutla,SV,2022-07-05 04:47:59,13.5928,-89.8275,79.12,85,100,9.51
79,Lumphat,KH,2022-07-05 04:47:59,13.4878,106.9816,86.63,67,81,6.51
80,Sorata,BO,2022-07-05 04:47:59,-15.7667,-68.6333,40.75,78,77,2.66
81,Sabzevar,IR,2022-07-05 04:48:00,36.2126,57.6819,74.48,27,0,23.02
82,Chuy,UY,2022-07-05 04:48:00,-33.6971,-53.4616,53.98,98,77,6.33
83,Cape Town,ZA,2022-07-05 04:48:00,-33.9258,18.4232,55.9,80,0,7.0
84,Mutsu,JP,2022-07-05 04:48:00,41.2894,141.2169,77.47,79,81,1.9
85,Lebu,CL,2022-07-05 04:48:01,-37.6167,-73.65,50.04,90,100,21.21
86,Fort Nelson,CA,2022-07-05 04:48:00,58.8053,-122.7002,65.79,68,40,2.3
87,Mahebourg,MU,2022-07-05 04:48:01,-20.4081,57.7,72.25,73,75,11.5
88,Dale,US,2022-07-05 04:48:01,38.1689,-86.99,83.91,74,0,4.61
89,Lorengau,PG,2022-07-05 04:48:01,-2.0226,147.2712,84.99,68,56,5.79
90,Lima,PE,2022-07-05 04:44:55,-12.0432,-77.0282,59.25,86,100,8.05
91,Tura,IN,2022-07-05 04:49:02,25.5198,90.2201,88.7,64,98,2.33
92,Rawson,AR,2022-07-05 04:49:02,-43.3002,-65.1023,48.88,46,97,26.15
93,Praid,RO,2022-07-05 04:49:02,46.55,25.1333,73.26,62,26,3.33
94,Katsuura,JP,2022-07-05 04:49:03,35.1333,140.3,76.23,85,100,19.98
95,Hudiksvall,SE,2022-07-05 04:49:03,61.729,17.1036,55.96,86,99,7.94
96,Hervey Bay,AU,2022-07-05 04:49:03,-25.2986,152.8535,59.02,96,100,4.0
97,Nobres,BR,2022-07-05 04:49:03,-14.7203,-56.3275,68.05,44,36,5.86
98,Padang,ID,2022-07-05 04:45:39,-0.9492,100.3543,87.85,57,95,4.83
99,Matagami,CA,2022-07-05 04:49:04,49.7502,-77.6328,55.51,88,100,2.3
100,Vestmannaeyjar,IS,2022-07-05 04:49:04,63.4427,-20.2734,48.9,81,69,4.7
101,Nurota,UZ,2022-07-05 04:49:04,40.5614,65.6886,77.11,30,21,7.16
102,Talcahuano,CL,2022-07-05 04:48:16,-36.7167,-73.1167,51.48,76,100,8.05
103,Broome,US,2022-07-05 04:45:16,42.2506,-75.833,70.61,78,75,3.44
104,Comodoro Rivadavia,AR,2022-07-05 04:49:05,-45.8667,-67.5,42.66,52,0,6.91
105,Faanui,PF,2022-07-05 04:49:05,-16.4833,-151.75,79.48,74,52,11.41
106,Barrow,US,2022-07-05 04:49:05,71.2906,-156.7887,39.22,87,100,9.22
107,Kovdor,RU,2022-07-05 04:49:05,67.5662,30.4758,70.18,49,73,4.61
108,East London,ZA,2022-07-05 04:46:44,-33.0153,27.9116,58.14,94,0,2.3
109,Hasaki,JP,2022-07-05 04:49:06,35.7333,140.8333,86.29,74,100,22.21
110,Alpatovo,RU,2022-07-05 04:49:06,43.7028,45.2415,77.99,39,0,11.3
111,Chifeng,CN,2022-07-05 04:49:06,42.2683,118.9636,93.0,39,4,7.29
112,Bengkulu,ID,2022-07-05 04:49:07,-3.8004,102.2655,84.4,68,84,7.07
113,Aklavik,CA,2022-07-05 04:49:07,68.2191,-135.0107,67.05,75,62,11.41
114,Nouadhibou,MR,2022-07-05 04:49:07,20.931,-17.0347,69.78,78,21,20.71
115,Huicheng,CN,2022-07-05 04:49:07,23.0385,116.2899,77.4,94,100,11.39
116,Mpika,ZM,2022-07-05 04:49:08,-11.8343,31.4529,49.62,87,0,3.8
117,Klaksvik,FO,2022-07-05 04:49:08,62.2266,-6.589,50.92,76,53,17.05
118,Quelimane,MZ,2022-07-05 04:44:27,-17.8786,36.8883,62.55,93,40,3.44
119,Okoneshnikovo,RU,2022-07-05 04:49:08,54.8377,75.0834,70.45,60,100,13.8
120,Cidreira,BR,2022-07-05 04:49:08,-30.1811,-50.2056,64.27,90,12,3.83
121,Avera,US,2022-07-05 04:49:09,33.194,-82.5271,76.55,87,70,6.6
122,Vung Tau,VN,2022-07-05 04:49:09,10.346,107.0843,86.41,67,61,8.37
123,Ballina,AU,2022-07-05 04:49:09,-28.8667,153.5667,53.02,99,100,10.74
124,Marzuq,YE,2022-07-05 04:49:09,14.4,46.4667,87.49,22,89,17.38
125,Leningradskiy,RU,2022-07-05 04:49:10,69.3833,178.4167,50.29,65,33,7.83
126,Upata,VE,2022-07-05 04:49:10,8.0086,-62.3989,74.19,98,18,3.04
127,Arraial Do Cabo,BR,2022-07-05 04:49:10,-22.9661,-42.0278,69.78,92,0,22.5
128,Albany,US,2022-07-05 04:49:11,42.6001,-73.9662,65.53,75,91,2.64
129,Taltal,CL,2022-07-05 04:48:13,-25.4,-70.4833,59.36,63,32,4.16
130,Saint-Georges,GD,2022-07-05 04:49:11,12.0564,-61.7485,78.48,83,20,8.05
131,Chokurdakh,RU,2022-07-05 04:49:11,70.6333,147.9167,81.57,26,94,22.95
132,Torbay,CA,2022-07-05 04:45:19,47.6666,-52.7314,55.58,78,0,18.41
133,Qaanaaq,GL,2022-07-05 04:49:11,77.484,-69.3632,40.57,67,9,3.18
134,Inhambane,MZ,2022-07-05 04:49:12,-23.865,35.3833,57.18,100,20,0.0
135,Pirgos,GR,2022-07-05 04:49:12,35.1167,25.7178,77.63,51,0,10.38
136,Sur,OM,2022-07-05 04:49:12,22.5667,59.5289,84.76,76,100,12.28
137,Kaitangata,NZ,2022-07-05 04:49:13,-46.2817,169.8464,51.3,63,18,15.5
138,Salalah,OM,2022-07-05 04:49:13,17.0151,54.0924,78.89,94,100,6.91
139,Mpraeso,GH,2022-07-05 04:50:13,6.5932,-0.7346,67.35,98,100,3.69
140,Kannur,IN,2022-07-05 04:50:13,11.8675,75.3576,77.0,90,100,15.59
141,Kulhudhuffushi,MV,2022-07-05 04:50:14,6.6221,73.07,82.67,79,84,16.78
142,Okha,RU,2022-07-05 04:50:14,53.5739,142.9478,70.2,63,58,13.27
143,Bonthe,SL,2022-07-05 04:50:14,7.5264,-12.505,76.08,80,83,5.77
144,Lucea,JM,2022-07-05 04:50:14,18.451,-78.1736,80.46,82,59,11.56
145,Pangnirtung,CA,2022-07-05 04:50:15,66.1451,-65.7125,50.4,60,100,3.53
146,Riyadh,SA,2022-07-05 04:50:15,24.6877,46.7219,89.74,14,5,13.49
147,Provideniya,RU,2022-07-05 04:50:15,64.3833,-173.3,48.36,87,100,8.99
148,Dalvik,IS,2022-07-05 04:50:16,65.9702,-18.5286,44.53,90,97,6.04
149,Rabaul,PG,2022-07-05 04:50:16,-4.1967,152.1721,83.95,67,96,3.8
150,Upernavik,GL,2022-07-05 04:50:16,72.7868,-56.1549,37.22,91,1,11.39
151,San Patricio,US,2022-07-05 04:50:16,28.017,-97.5169,84.88,78,3,14.34
152,Chumikan,RU,2022-07-05 04:50:17,54.7183,135.315,69.62,69,11,9.13
153,Sinnamary,GF,2022-07-05 04:50:17,5.3833,-52.95,75.85,89,99,6.82
154,Saint George,US,2022-07-05 04:50:17,37.1041,-113.5841,90.19,11,0,6.91
155,Dobson,US,2022-07-05 04:50:17,36.3957,-80.7226,76.46,84,40,0.0
156,Itoman,JP,2022-07-05 04:50:18,26.1247,127.6694,89.98,77,75,12.66
157,Gigmoto,PH,2022-07-05 04:50:18,13.7796,124.39,83.89,77,100,6.49
158,Qaqortoq,GL,2022-07-05 04:46:04,60.7167,-46.0333,44.83,89,99,3.69
159,Emerald,AU,2022-07-05 04:50:18,-23.5333,148.1667,62.35,56,84,3.42
160,Ribeira Grande,PT,2022-07-05 04:47:37,38.5167,-28.7,64.85,69,99,11.1
161,Chanika,TZ,2022-07-05 04:50:19,-5.4167,38.0167,62.15,91,29,4.88
162,Brackenheim,DE,2022-07-05 04:50:19,49.0797,9.065,61.34,100,1,0.49
163,Burnie,AU,2022-07-05 04:50:19,-41.0667,145.9167,57.94,49,31,1.1
164,Cherskiy,RU,2022-07-05 04:50:19,68.75,161.3,72.01,37,100,15.17
165,Nantucket,US,2022-07-05 04:48:13,41.2835,-70.0995,70.0,92,0,8.05
166,Rio Grande,BR,2022-07-05 04:50:20,-32.035,-52.0986,61.95,97,92,5.44
167,Rio Gallegos,AR,2022-07-05 04:50:20,-51.6226,-69.2181,19.45,100,0,2.3
168,Hilo,US,2022-07-05 04:50:20,19.7297,-155.09,78.53,75,0,1.01
169,Airai,TL,2022-07-05 04:50:21,-8.9266,125.4092,63.84,78,99,3.31
170,Santiago De Cao,PE,2022-07-05 04:50:21,-7.9589,-79.2392,60.93,88,15,6.91
171,Flin Flon,CA,2022-07-05 04:50:21,54.7682,-101.865,53.92,61,70,5.97
172,Bandarbeyla,SO,2022-07-05 04:50:21,9.4942,50.8122,83.16,54,46,35.59
173,Harwich,GB,2022-07-05 04:50:22,51.9419,1.2844,56.21,79,35,5.01
174,Vao,NC,2022-07-05 04:50:22,-22.6667,167.4833,74.5,78,100,18.68
175,Denpasar,ID,2022-07-05 04:48:04,-8.65,115.2167,83.86,83,20,18.41
176,Yarada,IN,2022-07-05 04:50:22,17.65,83.2667,86.32,70,75,6.91
177,Kavaratti,IN,2022-07-05 04:50:23,10.5669,72.642,82.51,79,99,23.78
178,Ancud,CL,2022-07-05 04:49:23,-41.8697,-73.8203,43.23,76,83,21.85
179,Mogadishu,SO,2022-07-05 04:50:23,2.0371,45.3438,77.52,79,99,19.64
180,Tazovskiy,RU,2022-07-05 04:50:23,67.4667,78.7,53.64,52,34,7.47
181,Tulagi,SB,2022-07-05 04:50:23,-9.0996,160.1476,83.05,73,66,11.1
182,Melfort,CA,2022-07-05 04:50:24,52.8667,-104.6177,59.13,72,100,5.75
183,Nyurba,RU,2022-07-05 04:50:24,63.2842,118.3319,70.0,59,100,5.53
184,Wyndham,US,2022-07-05 04:50:24,37.6985,-77.6125,75.11,87,0,1.99
185,Salinopolis,BR,2022-07-05 04:51:24,-0.6136,-47.3561,75.78,87,4,7.4
186,Dalbandin,PK,2022-07-05 04:51:25,28.8947,64.4101,92.82,37,83,6.15
187,Evans,US,2022-07-05 04:51:25,33.5337,-82.1307,78.04,73,85,5.84
188,Daru,PG,2022-07-05 04:51:25,-9.0763,143.2092,80.53,83,74,10.07
189,Ilulissat,GL,2022-07-05 04:51:25,69.2167,-51.1,35.96,82,36,7.63
190,Tornio,FI,2022-07-05 04:51:26,65.8481,24.1466,60.82,86,100,4.83
191,Meulaboh,ID,2022-07-05 04:51:26,4.1363,96.1285,79.41,74,100,3.83
192,Asau,RO,2022-07-05 04:51:26,46.4333,26.4,70.72,60,4,1.12
193,Pitimbu,BR,2022-07-05 04:51:27,-7.4706,-34.8086,75.79,81,22,14.74
194,Bubaque,GW,2022-07-05 04:51:27,11.2833,-15.8333,79.99,79,85,9.86
195,Iqaluit,CA,2022-07-05 04:51:27,63.7506,-68.5145,47.93,70,100,5.75
196,Grindavik,IS,2022-07-05 04:51:27,63.8424,-22.4338,48.15,93,100,10.36
197,Georgetown,MY,2022-07-05 04:50:11,5.4112,100.3354,89.53,79,20,2.3
198,Hithadhoo,MV,2022-07-05 04:51:28,-0.6,73.0833,82.24,71,73,3.56
199,Douentza,ML,2022-07-05 04:51:28,14.9951,-2.9517,82.76,57,53,13.18
200,Paamiut,GL,2022-07-05 04:51:28,61.994,-49.6678,41.29,93,100,7.47
201,Saint-Philippe,RE,2022-07-05 04:51:28,-21.3585,55.7679,69.39,78,51,13.56
202,Port Alfred,ZA,2022-07-05 04:51:29,-33.5906,26.891,56.17,94,81,4.0
203,Guaca,CO,2022-07-05 04:51:29,6.8762,-72.8559,58.28,85,68,6.08
204,Makakilo City,US,2022-07-05 04:51:29,21.3469,-158.0858,80.92,64,0,23.02
205,Qandala,SO,2022-07-05 04:51:29,11.472,49.8728,90.25,46,80,3.8
206,Kawalu,ID,2022-07-05 04:51:30,-7.3817,108.2082,89.78,47,55,3.49
207,Huarmey,PE,2022-07-05 04:51:30,-10.0681,-78.1522,61.59,87,48,6.67
208,Kunnamangalam,IN,2022-07-05 04:51:30,11.3046,75.8777,74.03,94,100,8.99
209,Mnogovershinnyy,RU,2022-07-05 04:51:30,53.9353,139.9242,85.44,41,6,2.15
210,Uyskoye,RU,2022-07-05 04:51:31,54.3775,60.0047,50.22,79,84,13.29
211,Xining,CN,2022-07-05 04:51:31,36.6167,101.7667,73.8,34,0,3.83
212,Westport,US,2022-07-05 04:51:31,41.1415,-73.3579,73.22,78,0,4.61
213,Changji,CN,2022-07-05 04:51:31,44.0167,87.3167,86.79,21,0,11.18
214,Codrington,AU,2022-07-05 04:51:32,-38.2667,141.9667,57.61,64,53,12.24
215,Pemba,MZ,2022-07-05 04:51:32,-12.974,40.5178,68.7,100,75,7.0
216,Poum,NC,2022-07-05 04:51:32,-20.2333,164.0167,77.36,84,80,24.38
217,Victor Harbor,AU,2022-07-05 04:51:33,-35.5667,138.6167,55.99,80,11,7.87
218,Tilichiki,RU,2022-07-05 04:51:33,60.4667,166.1,52.61,75,95,6.62
219,Bredasdorp,ZA,2022-07-05 04:51:33,-34.5322,20.0403,46.44,91,0,2.33
220,Bend,US,2022-07-05 04:51:34,44.0582,-121.3153,65.48,54,75,5.99
221,Sao Filipe,CV,2022-07-05 04:51:34,14.8961,-24.4956,73.38,81,15,7.36
222,Port Hardy,CA,2022-07-05 04:51:34,50.6996,-127.4199,53.78,100,75,2.3
223,Pyu,MM,2022-07-05 04:51:34,18.4833,96.4333,79.54,90,100,7.9
224,Paignton,GB,2022-07-05 04:51:34,50.4357,-3.5679,54.16,92,1,4.0
225,Berlevag,NO,2022-07-05 04:51:35,70.8578,29.0864,57.0,87,40,17.27
226,Krasnoselkup,RU,2022-07-05 04:51:35,65.7,82.4667,60.48,41,3,7.25
227,Luderitz,NA,2022-07-05 04:51:35,-26.6481,15.1594,51.96,81,0,7.27
228,Kununurra,AU,2022-07-05 04:51:36,-15.7667,128.7333,73.38,23,9,14.97
229,Khatanga,RU,2022-07-05 04:51:36,71.9667,102.5,53.92,45,100,0.76
230,Mazamari,PE,2022-07-05 04:52:36,-11.3258,-74.5308,68.09,78,31,2.17
231,Darhan,MN,2022-07-05 04:52:36,49.4867,105.9228,59.56,76,100,7.61
232,Areado,BR,2022-07-05 04:52:37,-21.3586,-46.1456,52.56,69,0,2.08
233,Vurnary,RU,2022-07-05 04:52:37,55.4904,46.9648,60.84,63,63,8.37
234,Lompoc,US,2022-07-05 04:52:37,34.6391,-120.4579,63.01,87,100,17.0
235,Aleksandrovskoye,RU,2022-07-05 04:52:37,44.7142,43.0008,74.73,45,8,10.92
236,Pisco,PE,2022-07-05 04:52:38,-13.7,-76.2167,60.85,82,75,3.44
237,Alekseyevsk,RU,2022-07-05 04:52:38,57.8406,108.3492,67.26,76,100,3.0
238,Beloha,MG,2022-07-05 04:52:38,-25.1667,45.05,62.69,68,0,4.61
239,Zima,RU,2022-07-05 04:52:38,53.9202,102.0442,72.81,47,96,3.65
240,Presidencia Roque Saenz Pena,AR,2022-07-05 04:52:39,-26.7852,-60.4388,61.72,92,79,6.89
241,Lagoa,PT,2022-07-05 04:52:39,39.05,-27.9833,63.37,73,100,10.65
242,Muromtsevo,RU,2022-07-05 04:52:39,56.3724,75.2418,65.21,78,100,14.52
243,Sobolevo,RU,2022-07-05 04:52:39,54.4299,31.8996,68.52,81,13,4.29
244,Dunedin,NZ,2022-07-05 04:52:40,-45.8742,170.5036,52.81,56,4,4.0
245,Caravelas,BR,2022-07-05 04:52:40,-17.7125,-39.2481,68.68,90,0,3.06
246,Bartica,GY,2022-07-05 04:52:40,6.4,-58.6167,77.32,99,100,0.65
247,Ponta Delgada,PT,2022-07-05 04:52:41,37.7333,-25.6667,67.5,72,75,8.05
248,Afonso Claudio,BR,2022-07-05 04:52:41,-20.0742,-41.1239,58.93,93,0,2.06
249,Geraldton,AU,2022-07-05 04:52:41,-28.7667,114.6,70.21,37,100,13.8
250,Midsalip,PH,2022-07-05 04:52:42,8.0,123.2667,77.76,71,100,2.55
251,Bathsheba,BB,2022-07-05 04:52:42,13.2167,-59.5167,81.21,88,40,18.41
252,Cap-Haitien,HT,2022-07-05 04:52:42,19.7578,-72.2042,81.0,77,86,9.33
253,Thinadhoo,MV,2022-07-05 04:52:42,0.5333,72.9333,82.09,73,27,2.71
254,Edson,CA,2022-07-05 04:52:43,53.5835,-116.4356,59.14,82,100,8.05
255,Kahului,US,2022-07-05 04:50:12,20.8947,-156.47,78.82,78,40,21.85
256,Alice Springs,AU,2022-07-05 04:52:43,-23.7,133.8833,56.75,30,0,10.36
257,Choix,MX,2022-07-05 04:52:43,26.7092,-108.3219,83.05,61,2,2.46
258,Souillac,MU,2022-07-05 04:52:43,-20.5167,57.5167,70.18,73,75,11.5
259,Rizhao,CN,2022-07-05 04:52:44,35.4275,119.4553,81.32,78,94,8.9
260,La Ronge,CA,2022-07-05 04:52:44,55.1001,-105.2842,62.85,55,20,5.75
261,Adrar,MR,2022-07-05 04:52:44,20.5022,-10.0711,90.72,18,11,6.49
262,Jinchang,CN,2022-07-05 04:52:44,38.4953,102.1739,86.9,13,1,10.04
263,El Retorno,CO,2022-07-05 04:52:45,2.3302,-72.6276,70.16,98,32,0.65
264,Zhezkazgan,KZ,2022-07-05 04:52:45,47.8043,67.7144,66.18,55,75,22.37
265,Margate,GB,2022-07-05 04:52:45,51.3813,1.3862,59.88,68,42,3.0
266,Palmas,BR,2022-07-05 04:49:53,-10.2128,-48.3603,67.87,77,0,2.3
267,Christchurch,NZ,2022-07-05 04:52:45,-43.5333,172.6333,49.91,67,70,2.3
268,Bull Savanna,JM,2022-07-05 04:52:46,17.8868,-77.5902,75.7,79,29,8.97
269,Lazaro Cardenas,MX,2022-07-05 04:52:46,17.9583,-102.2,77.94,87,100,2.35
270,Brae,GB,2022-07-05 04:52:46,60.3964,-1.353,50.05,77,98,17.72
271,West Plains,US,2022-07-05 04:52:46,36.7281,-91.8524,83.23,78,0,6.91
272,Arlit,NE,2022-07-05 04:52:47,18.7369,7.3853,83.37,20,64,8.81
273,Severo-Kurilsk,RU,2022-07-05 04:52:47,50.6789,156.125,55.56,72,79,13.69
274,Broken Hill,AU,2022-07-05 04:52:47,-31.95,141.4333,55.45,46,0,14.34
275,Sitka,US,2022-07-05 04:52:47,57.0531,-135.33,64.29,72,0,9.22
276,San Joaquin,US,2022-07-05 04:52:48,37.9333,-121.3011,77.25,60,40,11.5
277,Sebastian,US,2022-07-05 04:52:48,35.1668,-94.2669,88.36,79,0,4.07
278,Nome,US,2022-07-05 04:49:54,64.5011,-165.4064,50.16,76,100,6.91
279,Cayenne,GF,2022-07-05 04:53:48,4.9333,-52.3333,78.1,1,0,2.3
280,Qasigiannguit,GL,2022-07-05 04:53:48,68.8193,-51.1922,38.82,74,87,8.37
281,Longyearbyen,SJ,2022-07-05 04:53:10,78.2186,15.6401,40.84,100,75,2.3
282,Baruun-Urt,MN,2022-07-05 04:53:49,46.6806,113.2792,81.36,39,100,9.98
283,Severnyy,RU,2022-07-05 04:53:49,50.677,36.5532,73.44,64,0,2.24
284,Ust-Karsk,RU,2022-07-05 04:53:49,52.7011,118.8077,78.04,77,79,8.68
285,Thompson,CA,2022-07-05 04:53:50,55.7435,-97.8558,53.76,71,20,2.3
286,Laguna,US,2022-07-05 04:53:50,38.421,-121.4238,77.14,64,0,8.05
287,Celestun,MX,2022-07-05 04:53:50,20.8667,-90.4,79.75,82,80,12.8
288,George,ZA,2022-07-05 04:53:50,-33.963,22.4617,47.75,93,20,3.44
289,Mamontovo,RU,2022-07-05 04:53:51,52.7055,81.6244,77.88,39,85,16.44
290,Dannenberg,DE,2022-07-05 04:51:21,53.0967,11.09,59.14,75,9,6.55
291,Zhanaozen,KZ,2022-07-05 04:53:51,43.3,52.8,75.69,39,11,16.93
292,Tuatapere,NZ,2022-07-05 04:53:51,-46.1333,167.6833,49.57,77,64,13.4
293,Novooleksiyivka,UA,2022-07-05 04:53:51,46.2269,34.6428,78.19,45,52,5.79
294,Faya,SA,2022-07-05 04:51:47,18.3851,42.4509,68.52,31,3,6.24
295,Pandan,PH,2022-07-05 04:53:52,14.0453,124.1694,84.07,73,100,8.32
296,Hukuntsi,BW,2022-07-05 04:53:52,-24.0,21.75,53.58,50,0,12.35
297,Guaraniacu,BR,2022-07-05 04:53:52,-25.1008,-52.8781,55.71,81,100,2.35
298,Santiago,CL,2022-07-05 04:51:33,-33.4569,-70.6483,46.85,67,0,3.44
299,Isiro,CD,2022-07-05 04:53:52,2.7739,27.616,65.05,97,32,0.83
300,Bambous Virieux,MU,2022-07-05 04:53:53,-20.3428,57.7575,72.21,73,75,11.5
301,Trairi,BR,2022-07-05 04:53:45,-3.2778,-39.2689,71.47,96,52,6.24
302,Ostrovnoy,RU,2022-07-05 04:53:53,68.0531,39.5131,53.85,88,90,6.42
303,Tasiilaq,GL,2022-07-05 04:53:53,65.6145,-37.6368,35.11,82,87,5.48
304,Saint-Augustin,CA,2022-07-05 04:53:53,51.226,-58.6502,50.61,69,24,14.83
305,Umuarama,BR,2022-07-05 04:53:54,-23.7664,-53.325,62.62,58,79,8.3
306,Winslow,US,2022-07-05 04:53:54,35.0242,-110.6974,80.78,39,20,6.91
307,Straubing,DE,2022-07-05 04:53:54,48.8833,12.5667,66.74,86,100,1.83
308,Garowe,SO,2022-07-05 04:53:54,8.4054,48.4845,77.67,57,59,32.44
309,Murud,IN,2022-07-05 04:53:55,18.3258,72.965,78.94,92,100,14.36
310,Butaritari,KI,2022-07-05 04:53:55,3.0707,172.7902,82.51,76,16,21.72
311,Boali,CF,2022-07-05 04:53:55,4.8005,18.1275,69.03,95,99,1.52
312,Saldanha,ZA,2022-07-05 04:53:56,-33.0117,17.9442,39.25,80,0,10.09
313,Ust-Barguzin,RU,2022-07-05 04:53:56,53.45,108.9833,50.85,93,100,2.19
314,Esmeraldas,BR,2022-07-05 04:53:56,-19.7625,-44.3139,61.66,89,0,4.52
315,Bilibino,RU,2022-07-05 04:53:56,68.0546,166.4372,64.76,44,82,8.48
316,Orapa,BW,2022-07-05 04:53:56,-21.2833,25.3667,53.24,70,0,8.63
317,Sun Valley,US,2022-07-05 04:53:57,39.5963,-119.776,68.68,45,40,20.71
318,Barra Patuca,HN,2022-07-05 04:53:57,15.8,-84.2833,78.69,90,99,9.15
319,Kondapalle,IN,2022-07-05 04:53:57,16.6167,80.5333,85.05,81,100,7.38
320,Sorland,NO,2022-07-05 04:53:57,67.667,12.6934,55.26,93,100,10.04
321,Praia Da Vitoria,PT,2022-07-05 04:53:58,38.7333,-27.0667,64.65,72,75,8.34
322,Marivan,IR,2022-07-05 04:53:58,35.5219,46.176,74.46,36,0,9.04
323,Marsh Harbour,BS,2022-07-05 04:54:58,26.5412,-77.0636,81.37,76,5,11.34
324,Luoyang,CN,2022-07-05 04:54:58,34.6836,112.4536,89.69,56,87,9.51
325,El Bagre,CO,2022-07-05 04:54:59,7.5927,-74.8086,74.03,100,97,0.51
326,Mariental,NA,2022-07-05 04:54:59,-24.6333,17.9667,52.63,47,0,7.92
327,Hobyo,SO,2022-07-05 04:54:59,5.3505,48.5268,78.64,72,9,26.91
328,Anadyr,RU,2022-07-05 04:54:59,64.75,177.4833,46.9,93,75,11.18
329,Zhigansk,RU,2022-07-05 04:55:00,66.7697,123.3711,56.71,55,98,16.02
330,Gamboma,CG,2022-07-05 04:55:00,-1.8764,15.8644,72.03,57,5,3.24
331,San Cristobal,VE,2022-07-05 04:55:00,7.7669,-72.225,68.18,90,56,3.24
332,Khandyga,RU,2022-07-05 04:55:00,62.6667,135.6,90.93,39,41,5.75
333,Pontes E Lacerda,BR,2022-07-05 04:55:01,-15.2261,-59.3353,70.48,60,82,2.51
334,Novyye Lyady,RU,2022-07-05 04:55:01,58.0536,56.6039,56.44,57,100,6.55
335,Ayr,GB,2022-07-05 04:55:01,55.4627,-4.6339,53.58,76,40,10.36
336,Necochea,AR,2022-07-05 04:55:02,-38.5473,-58.7368,41.88,49,0,7.43
337,Griffith,US,2022-07-05 04:55:02,41.5284,-87.4237,78.89,81,0,11.5
338,Coquimbo,CL,2022-07-05 04:55:02,-29.9533,-71.3436,49.73,66,0,4.61
339,Yauya,PE,2022-07-05 04:55:03,-8.9833,-77.3,41.49,87,6,3.36
340,Mumbwa,ZM,2022-07-05 04:55:03,-14.9783,27.0619,52.29,78,1,4.25
341,Coihaique,CL,2022-07-05 04:55:03,-45.5752,-72.0662,33.75,93,75,4.61
342,Songjianghe,CN,2022-07-05 04:55:03,42.1859,127.479,86.27,43,61,3.91
343,Ta Khmau,KH,2022-07-05 04:55:04,11.4833,104.95,89.65,62,40,13.8
344,Gambela,ET,2022-07-05 04:55:04,8.25,34.5833,72.54,80,91,2.73
345,Alofi,NU,2022-07-05 04:55:04,-19.0595,-169.9187,75.09,78,99,17.27
346,Richards Bay,ZA,2022-07-05 04:55:05,-28.783,32.0377,59.72,92,9,4.25
347,Natal,BR,2022-07-05 04:53:56,-5.795,-35.2094,75.42,94,75,6.91
348,Banda Aceh,ID,2022-07-05 04:55:02,5.5577,95.3222,86.85,61,100,6.08
349,Chimore,BO,2022-07-05 04:55:05,-16.9833,-65.1333,71.53,67,100,2.13
350,Camacha,PT,2022-07-05 04:55:05,33.0833,-16.3333,63.82,72,75,11.5
351,Antigonish,CA,2022-07-05 04:53:55,45.6169,-61.9986,60.15,70,84,7.34
352,Zeya,RU,2022-07-05 04:55:06,53.75,127.2667,92.44,33,8,8.63
353,Plaridel,PH,2022-07-05 04:55:06,14.8872,120.8572,92.88,57,87,1.9
354,Kiama,AU,2022-07-05 04:55:06,-34.6833,150.8667,60.01,92,100,1.99
355,Sidi Ali,DZ,2022-07-05 04:55:06,36.0998,0.4206,75.61,67,100,6.24
356,Plettenberg Bay,ZA,2022-07-05 04:55:07,-34.0527,23.3716,54.63,58,18,4.54
357,Horni Plana,CZ,2022-07-05 04:55:07,48.7674,14.0326,59.11,92,100,1.68
358,Waitati,NZ,2022-07-05 04:55:07,-45.75,170.5667,52.81,56,2,4.63
359,Lata,PT,2022-07-05 04:55:07,40.1629,-8.3327,63.81,94,0,1.1
360,Havelock,US,2022-07-05 04:53:27,34.8791,-76.9013,80.55,93,0,6.91
361,Bochalema,CO,2022-07-05 04:55:08,7.611,-72.6477,65.77,84,76,5.19
362,Khani,GE,2022-07-05 04:55:08,41.9563,42.9566,62.17,56,2,2.93
363,Kurilsk,RU,2022-07-05 04:55:08,45.2333,147.8833,58.66,80,37,3.06
364,Yenagoa,NG,2022-07-05 04:55:08,4.9247,6.2642,72.21,96,99,0.74
365,Lyuban,BY,2022-07-05 04:55:09,52.7985,28.0048,69.46,77,11,7.25
366,Seminole,US,2022-07-05 04:55:09,28.7086,-81.2081,82.22,89,16,5.17
367,Kabompo,ZM,2022-07-05 04:55:09,-13.5927,24.2008,50.29,72,5,5.06
368,Baculin,PH,2022-07-05 04:56:09,7.4525,126.5842,83.61,82,39,6.91
369,Petropavlovsk-Kamchatskiy,RU,2022-07-05 04:56:10,53.0452,158.6483,57.79,94,75,11.18
370,West Wendover,US,2022-07-05 04:56:10,40.7391,-114.0733,79.56,16,70,10.11
371,Ahuimanu,US,2022-07-05 04:56:10,21.4447,-157.8378,79.75,74,20,14.97
372,Mon,IN,2022-07-05 04:56:10,26.75,95.1,84.76,77,21,2.08
373,Nacala,MZ,2022-07-05 04:56:11,-14.5428,40.6728,67.68,86,29,7.9
374,Murrhardt,DE,2022-07-05 04:56:11,48.9819,9.5705,60.67,86,4,0.58
375,Barcelos,PT,2022-07-05 04:56:11,41.5388,-8.6151,68.92,93,9,1.5
376,Kashi,CN,2022-07-05 04:56:12,39.4547,75.9797,88.81,20,0,4.47
377,Deputatskiy,RU,2022-07-05 04:56:12,69.3,139.9,70.84,38,54,23.8
378,Clyde River,CA,2022-07-05 04:56:12,70.4692,-68.5914,35.83,93,100,17.27
379,Saint Anthony,US,2022-07-05 04:56:12,45.0205,-93.218,75.47,91,0,4.61
380,Port Blair,IN,2022-07-05 04:56:13,11.6667,92.75,78.84,89,100,10.36
381,Singaraja,ID,2022-07-05 04:56:13,-8.112,115.0882,83.26,79,56,1.68
382,Gari,RU,2022-07-05 04:56:13,59.4307,62.3497,56.5,53,100,7.05
383,Orange,US,2022-07-05 04:55:24,33.7,-117.7675,71.78,82,3,1.99
384,Inuvik,CA,2022-07-05 04:56:13,68.3499,-133.7218,81.46,52,75,4.61
385,Ballinrobe,IE,2022-07-05 04:56:14,53.6333,-9.2333,56.21,93,100,7.47
386,Marsa Matruh,EG,2022-07-05 04:56:14,31.3525,27.2453,70.0,83,0,3.44
387,Mukdahan,TH,2022-07-05 04:56:14,16.5833,104.5,87.12,66,100,10.16
388,Madang,PG,2022-07-05 04:56:15,-5.2246,145.7966,84.83,66,100,5.48
389,Sioux Lookout,CA,2022-07-05 04:56:15,50.1001,-91.917,62.67,94,100,3.44
390,Xinan,CN,2022-07-05 04:56:15,26.72,119.8556,84.02,79,99,9.84
391,Eregli,TR,2022-07-05 04:56:15,37.5133,34.0467,65.39,52,0,6.62
392,Ulladulla,AU,2022-07-05 04:56:16,-35.35,150.4667,50.9,79,100,15.23
393,Mitsamiouli,KM,2022-07-05 04:56:16,-11.3847,43.2844,70.09,83,20,5.75
394,Scottsbluff,US,2022-07-05 04:56:16,41.8666,-103.6672,74.55,63,85,1.99
395,Visnes,NO,2022-07-05 04:56:17,59.3556,5.2242,55.45,71,75,14.97
396,Juegang,CN,2022-07-05 04:56:17,32.3174,121.1855,84.63,79,43,15.35
397,Yelizovo,RU,2022-07-05 04:56:17,53.1873,158.3805,59.14,94,75,11.18
398,Yar-Sale,RU,2022-07-05 04:56:17,66.8333,70.8333,49.06,84,100,15.37
399,Girona,ES,2022-07-05 04:56:18,41.9831,2.8249,74.12,80,0,1.14
400,Sozimskiy,RU,2022-07-05 04:56:18,59.7418,52.2482,64.4,48,68,5.46
401,Mangrol,IN,2022-07-05 04:56:18,21.1167,70.1167,81.91,88,100,16.71
402,Murdochville,CA,2022-07-05 04:56:18,48.9583,-65.5006,52.68,76,50,4.47
403,Novyy Nekouz,RU,2022-07-05 04:56:19,57.9029,38.07,70.63,65,79,6.02
404,Namibe,AO,2022-07-05 04:56:19,-15.1961,12.1522,62.55,71,0,10.07
405,Gotsu,JP,2022-07-05 04:56:19,35.0,132.2167,79.52,88,80,3.91
406,Te Anau,NZ,2022-07-05 04:56:19,-45.4167,167.7167,46.18,78,71,6.89
407,Morgan City,US,2022-07-05 04:56:20,29.6994,-91.2068,80.01,89,100,4.54
408,Santa Maria,BR,2022-07-05 04:56:20,-29.6842,-53.8069,64.54,84,88,5.17
409,Sisimiut,GL,2022-07-05 04:56:20,66.9395,-53.6735,44.1,95,100,3.4
410,Constitucion,CL,2022-07-05 04:55:56,-35.3333,-72.4167,47.7,85,38,1.16
411,Bakchar,RU,2022-07-05 04:56:20,57.0186,82.0711,71.69,50,98,9.15
412,Shingu,JP,2022-07-05 04:57:21,33.7333,135.9833,78.6,94,100,6.8
413,San Francisco,US,2022-07-05 04:54:05,37.7749,-122.4194,69.15,90,76,5.01
414,Jutai,BR,2022-07-05 04:57:21,-5.1833,-68.9,75.79,83,96,2.57
415,Sistranda,NO,2022-07-05 04:57:21,63.7256,8.834,53.56,75,100,17.38
416,Husavik,IS,2022-07-05 04:57:22,66.0449,-17.3389,43.21,89,97,8.48
417,Los Llanos De Aridane,ES,2022-07-05 04:57:22,28.6585,-17.9182,65.95,72,100,16.11
418,Yairipok,IN,2022-07-05 04:57:22,24.6667,94.0667,85.86,64,97,1.54
419,Pacific Grove,US,2022-07-05 04:57:22,36.6177,-121.9166,64.35,91,57,1.01
420,Kathu,TH,2022-07-05 04:57:23,7.9178,98.3332,85.82,99,100,16.35
421,Sabang,ID,2022-07-05 04:57:23,5.8933,95.3214,84.45,68,100,9.31
422,Melbu,NO,2022-07-05 04:57:23,68.5044,14.8297,62.38,82,75,5.75
423,Drezdenko,PL,2022-07-05 04:57:23,52.8383,15.8308,58.89,69,85,0.4
424,Brainerd,US,2022-07-05 04:57:24,46.358,-94.2008,73.65,97,8,2.1
425,Nianzishan,CN,2022-07-05 04:57:24,47.5167,122.8833,86.27,55,100,8.66
426,Balakovo,RU,2022-07-05 04:56:55,52.0278,47.8007,62.22,59,4,16.33
427,Sola,VU,2022-07-05 04:57:24,-13.8833,167.55,80.69,79,42,19.98
428,Monster,NL,2022-07-05 04:57:24,52.0258,4.175,60.98,81,43,1.14
429,Rocha,UY,2022-07-05 04:57:25,-34.4833,-54.3333,54.36,92,73,12.91
430,Japura,ID,2022-07-05 04:57:25,-0.3167,102.35,82.99,79,99,2.01
431,Sompeta,IN,2022-07-05 04:57:25,18.9333,84.6,89.89,56,92,6.13
432,Luorong,CN,2022-07-05 04:57:25,24.4058,109.6086,86.97,79,95,8.86
433,Batticaloa,LK,2022-07-05 04:57:26,7.7102,81.6924,91.22,48,100,20.8
434,Mahina,PF,2022-07-05 04:57:26,-17.5065,-149.489,73.17,94,75,2.3
435,Batemans Bay,AU,2022-07-05 04:57:26,-35.7167,150.1833,56.1,70,100,11.56
436,The Pas,CA,2022-07-05 04:57:26,53.8251,-101.2541,59.02,72,0,3.44
437,Tugaya,PH,2022-07-05 04:57:27,7.8828,124.174,78.44,76,97,3.18
438,Abha,SA,2022-07-05 04:57:27,18.2164,42.5053,68.25,32,0,0.0
439,Duldurga,RU,2022-07-05 04:57:27,50.6761,113.5931,78.3,39,46,7.94
440,Villazon,BO,2022-07-05 04:57:27,-22.0866,-65.5942,41.4,16,73,7.16
441,Negombo,LK,2022-07-05 04:57:28,7.2083,79.8358,82.45,78,20,10.36
442,Tiznit,MA,2022-07-05 04:57:28,29.5833,-9.5,70.66,54,19,3.09
443,Liaocheng,CN,2022-07-05 04:57:28,36.4439,115.9647,79.54,83,100,10.29
444,Nuevitas,CU,2022-07-05 04:57:28,21.5453,-77.2644,73.62,90,95,5.08
445,Ahipara,NZ,2022-07-05 04:57:29,-35.1667,173.1667,59.88,96,100,13.76
446,Biak,ID,2022-07-05 04:57:29,-0.9131,122.8766,78.48,82,100,4.9
447,Iralaya,HN,2022-07-05 04:57:29,15.0,-83.2333,79.93,88,100,11.56
448,Veraval,IN,2022-07-05 04:57:29,20.9,70.3667,82.4,87,100,17.18
449,Pitkyaranta,RU,2022-07-05 04:57:30,61.5734,31.4792,61.18,72,52,3.2
450,Santa Cruz Del Norte,CU,2022-07-05 04:57:30,23.1539,-81.9236,80.46,84,7,10.31
451,Doha,QA,2022-07-05 04:57:28,25.2867,51.5333,94.98,29,57,4.61
452,Trelew,AR,2022-07-05 04:57:30,-43.249,-65.3051,48.49,43,97,25.46
453,Kruisfontein,ZA,2022-07-05 04:57:30,-34.0033,24.7314,50.83,67,46,4.09
454,Mayskiy,RU,2022-07-05 04:57:31,47.6931,40.1025,72.81,41,3,4.29
455,Hami,CN,2022-07-05 04:57:31,42.8,93.45,95.67,10,2,3.8
456,Grootfontein,NA,2022-07-05 04:57:31,-19.5667,18.1167,54.97,62,0,2.3
457,Huilong,CN,2022-07-05 04:57:31,31.8111,121.655,83.17,84,73,14.36
458,Anzhero-Sudzhensk,RU,2022-07-05 04:58:32,56.081,86.0285,72.34,52,36,8.5
459,Obo,CF,2022-07-05 04:58:32,5.3998,26.4869,66.81,95,79,2.3
460,Tirano,IT,2022-07-05 04:58:32,46.2154,10.1679,69.4,99,40,5.82
461,Wagar,SD,2022-07-05 04:58:32,16.1525,36.2032,81.21,56,81,13.8
462,Chaiyaphum,TH,2022-07-05 04:58:33,15.75,102.0,96.98,48,97,10.78
463,Martinsicuro,IT,2022-07-05 04:58:33,42.8811,13.9145,83.12,99,0,3.15
464,Manokwari,ID,2022-07-05 04:58:33,-0.8667,134.0833,83.08,70,72,5.21
465,Dharchula,IN,2022-07-05 04:58:33,29.85,80.5333,83.05,79,93,3.58
466,Botou,CN,2022-07-05 04:58:34,38.0667,116.5667,92.21,51,100,8.52
467,Oyama,JP,2022-07-05 04:58:34,36.3,139.8,86.59,42,100,8.9
468,Diapaga,BF,2022-07-05 04:58:34,12.0708,1.7889,75.69,79,89,10.04
469,Enid,US,2022-07-05 04:55:32,36.3956,-97.8784,85.3,48,0,9.22
470,Kodiak,US,2022-07-05 04:58:34,57.79,-152.4072,56.55,85,83,2.62
471,Soubre,CI,2022-07-05 04:58:35,5.7856,-6.6083,69.73,97,84,1.41
472,Nassau,US,2022-07-05 04:58:35,40.7507,-73.5829,75.87,64,85,1.99
473,Puerto Escondido,MX,2022-07-05 04:58:35,15.85,-97.0667,80.67,87,100,6.96
474,Haines Junction,CA,2022-07-05 04:58:35,60.7522,-137.5108,73.35,43,81,4.61
475,Montepuez,MZ,2022-07-05 04:58:36,-13.1256,38.9997,63.05,85,1,7.25
476,Kovin,RS,2022-07-05 04:58:36,44.7475,20.9761,77.9,77,6,4.81
477,Fairbanks,US,2022-07-05 04:58:36,64.8378,-147.7164,82.02,50,74,7.05
478,Arman,RU,2022-07-05 04:58:36,59.7,150.1667,58.78,68,53,5.99
479,Wilmington,US,2022-07-05 04:56:03,34.2257,-77.9447,79.86,89,100,0.0
480,Ariquemes,BR,2022-07-05 04:58:37,-9.9133,-63.0408,75.25,64,13,0.76
481,Kiruna,SE,2022-07-05 04:58:37,67.8557,20.2251,56.32,88,40,12.66
482,Susanville,US,2022-07-05 04:58:37,40.4163,-120.653,64.24,53,20,4.0
483,Avesta,SE,2022-07-05 04:58:38,60.1455,16.1679,57.13,80,68,10.63
484,Macau,MO,2022-07-05 04:58:38,22.2006,113.5461,85.8,94,40,14.97
485,Olden,NO,2022-07-05 04:58:38,61.8364,6.8064,52.54,92,100,4.12
486,College,US,2022-07-05 04:58:38,64.8569,-147.8028,82.0,51,75,1.99
487,Amberley,US,2022-07-05 04:58:38,39.2048,-84.428,79.18,70,67,1.01
488,Bichura,RU,2022-07-05 04:58:39,50.5881,107.6022,69.42,59,67,7.45
489,Neiafu,TO,2022-07-05 04:58:39,-18.65,-173.9833,75.88,78,75,11.5
490,Poronaysk,RU,2022-07-05 04:58:39,49.2167,143.1167,58.86,78,18,12.15
491,Zhirnovsk,RU,2022-07-05 04:58:39,50.9845,44.7735,64.08,63,20,9.82
492,Kaniama,CD,2022-07-05 04:58:40,-7.5667,24.1833,62.38,51,45,5.14
493,Basoko,CD,2022-07-05 04:58:40,1.2391,23.616,72.91,82,98,2.57
494,Igarka,RU,2022-07-05 04:58:40,67.4667,86.5833,62.17,40,1,12.93
495,Savinka,RU,2022-07-05 04:58:40,50.0785,47.0994,64.74,63,0,15.68
496,Garhi Khairo,PK,2022-07-05 04:58:41,28.0606,67.9803,99.03,43,21,2.37
497,Teya,RU,2022-07-05 04:58:41,60.3778,92.6267,67.75,52,79,3.09
498,Muncar,ID,2022-07-05 04:58:41,-8.4333,114.3333,81.97,83,91,10.11
499,Mozarlandia,BR,2022-07-05 04:57:01,-14.7447,-50.5706,66.16,37,0,5.59
500,Timra,SE,2022-07-05 04:58:41,62.487,17.3257,60.67,77,100,2.3
501,Merauke,ID,2022-07-05 04:58:42,-8.4667,140.3333,78.96,87,100,15.23
502,Ixtapa,MX,2022-07-05 04:58:42,20.7,-105.2,80.22,87,97,3.0
503,Agbor,NG,2022-07-05 04:58:42,6.2518,6.1934,71.28,99,97,2.08
504,Dzilam Gonzalez,MX,2022-07-05 04:58:42,21.2833,-88.9333,78.84,82,9,6.49
505,Pasni,PK,2022-07-05 04:58:43,25.2631,63.471,86.72,73,100,4.23
506,Abaete,BR,2022-07-05 04:59:43,-19.16,-45.4458,56.32,74,0,0.36
507,Placido De Castro,BR,2022-07-05 04:59:43,-10.3353,-67.1856,79.11,56,90,2.75
508,Port Macquarie,AU,2022-07-05 04:59:43,-31.4333,152.9167,59.9,84,100,1.57
509,Berdigestyakh,RU,2022-07-05 04:59:44,62.0989,126.6992,87.13,40,63,3.62
510,Gold Coast,AU,2022-07-05 04:59:35,-28.0,153.4333,61.18,98,100,5.75
511,Verkh-Usugli,RU,2022-07-05 04:59:44,52.7,115.1667,78.69,40,47,9.35
512,Palauig,PH,2022-07-05 04:59:44,15.435,119.9045,86.0,71,95,6.35
513,Borogontsy,RU,2022-07-05 04:59:44,62.6683,131.1683,89.29,36,25,4.32
514,Mattru,SL,2022-07-05 04:59:45,7.6244,-11.8332,70.48,94,85,1.19
515,Sebaco,NI,2022-07-05 04:59:45,12.8532,-86.0963,71.69,92,100,3.83
516,Port Lincoln,AU,2022-07-05 04:59:45,-34.7333,135.8667,55.96,67,2,9.01
517,Salta,AR,2022-07-05 04:59:46,-24.7859,-65.4117,46.99,87,0,5.75
518,Porrentruy,CH,2022-07-05 04:59:46,47.4153,7.0752,64.26,90,3,1.43
519,Benalla,AU,2022-07-05 04:59:46,-36.55,145.9833,58.86,53,0,2.91
520,Mungwi,ZM,2022-07-05 04:59:46,-10.1732,31.3694,49.73,88,3,2.75
521,Hovd,MN,2022-07-05 04:58:21,48.0056,91.6419,71.69,22,100,4.14
522,Hofn,IS,2022-07-05 04:59:47,64.2539,-15.2082,50.72,68,9,6.6
523,Kalanguy,RU,2022-07-05 04:59:47,51.0167,116.5167,78.28,46,81,10.07
524,San Juan,AR,2022-07-05 04:58:53,-31.5375,-68.5364,48.61,29,4,4.32
525,Amazar,RU,2022-07-05 04:59:47,53.858,120.875,88.48,44,97,7.0
526,Kashan,IR,2022-07-05 04:59:47,33.9831,51.4364,74.79,40,0,2.3
527,Great Falls,US,2022-07-05 04:59:48,47.5002,-111.3008,59.41,92,80,3.65
528,Xinxiang,CN,2022-07-05 04:59:48,35.3089,113.8672,80.91,79,100,8.19
529,Honiara,SB,2022-07-05 04:59:48,-9.4333,159.95,85.64,67,68,6.53
530,Sao Miguel Do Araguaia,BR,2022-07-05 04:59:48,-13.275,-50.1628,65.55,40,0,3.49
531,Aizkraukle,LV,2022-07-05 04:59:49,56.6048,25.2553,62.24,87,0,6.15
532,Koumac,NC,2022-07-05 04:59:49,-20.5667,164.2833,80.24,70,54,5.99
533,Porto Novo,BJ,2022-07-05 04:59:49,6.4965,2.6036,76.82,92,100,6.44
534,Maniitsoq,GL,2022-07-05 04:59:49,65.4167,-52.9,42.24,97,100,12.26
535,Sainte-Marie,RE,2022-07-05 04:59:50,-20.8968,55.5496,71.42,71,75,21.85
536,Kautokeino,NO,2022-07-05 04:59:50,69.0125,23.0412,62.4,67,98,15.14
537,Flinders,AU,2022-07-05 04:59:50,-34.5833,150.8552,58.17,90,100,4.0
538,Voi,KE,2022-07-05 04:59:50,-3.3945,38.563,68.38,73,25,5.91
539,Vardo,NO,2022-07-05 04:59:51,70.3705,31.1107,48.18,100,100,10.36
540,Nkoteng,CM,2022-07-05 04:59:51,4.5167,12.0333,67.51,99,100,3.27
541,Thyboron,DK,2022-07-05 04:59:51,56.6985,8.2124,58.17,74,78,20.74
542,Egersund,NO,2022-07-05 04:59:51,58.4513,5.9997,53.1,82,98,12.3
543,Swellendam,ZA,2022-07-05 04:59:52,-34.0226,20.4417,44.42,89,0,0.22
544,Marang,MY,2022-07-05 04:59:52,5.2056,103.2059,82.31,90,100,6.15
545,Hualmay,PE,2022-07-05 04:59:52,-11.0964,-77.6139,61.09,85,32,6.35
546,Kupang,ID,2022-07-05 04:59:52,-10.1667,123.5833,80.58,57,91,16.02
547,Komsomolskiy,UZ,2022-07-05 04:59:53,40.4272,71.7189,84.92,14,0,16.11
548,Tezu,IN,2022-07-05 04:59:53,27.9167,96.1667,93.72,58,22,3.53
549,Burns Lake,CA,2022-07-05 04:58:48,54.2331,-125.7533,69.22,55,79,4.83
550,Quincy,US,2022-07-05 04:59:53,42.2529,-71.0023,70.16,69,100,1.99
551,Vila,PT,2022-07-05 04:59:53,42.0304,-8.1588,54.48,90,4,4.74
552,Pangody,RU,2022-07-05 04:59:54,65.85,74.4859,56.48,48,100,10.78
553,Hanumangarh,IN,2022-07-05 04:59:34,29.5833,74.3167,100.83,39,12,7.27
554,Caucaia,BR,2022-07-05 05:00:54,-3.7361,-38.6531,76.95,82,20,4.61
555,Muros,ES,2022-07-05 05:00:54,42.7762,-9.0603,66.09,79,9,12.68
556,Suez,EG,2022-07-05 05:00:55,29.9737,32.5263,81.88,52,0,8.5
557,Port Elgin,CA,2022-07-05 04:59:58,46.0487,-64.0868,57.99,67,51,9.75
558,Dongsheng,CN,2022-07-05 05:00:30,39.8161,109.9776,70.97,45,100,7.74
559,Sibolga,ID,2022-07-05 04:58:27,1.7427,98.7792,88.56,50,96,2.3
560,Foix,FR,2022-07-05 05:00:56,42.8333,1.5833,66.09,90,27,3.22
561,Alzamay,RU,2022-07-05 05:00:56,55.5562,98.6644,77.32,34,47,5.88
562,Nigran,ES,2022-07-05 05:00:56,42.1415,-8.8066,66.04,68,0,1.14
563,Pimentel,PE,2022-07-05 05:00:57,-6.8367,-79.9342,62.15,87,46,10.54
564,Yatou,CN,2022-07-05 05:00:57,37.15,122.3833,83.55,69,72,9.71
565,Mabaruma,GY,2022-07-05 05:00:58,8.2,-59.7833,73.11,96,91,1.74
566,Mannargudi,IN,2022-07-05 05:00:58,10.6667,79.4333,87.53,53,100,16.37
567,Amapa,BR,2022-07-05 05:00:59,1.0,-52.0,69.22,99,11,0.78
